{"OpenedDocuments":"[\"Main.xaml\"]","ProjectBreakpoints":"{\"Value\":{\"System1/extract WI5 Data.xaml\":[{\"ConditionalExpression\":null,\"ActionExpression\":null,\"ExpectedHitCounter\":null,\"ShouldContinueAfterAction\":false,\"IsEnabled\":false,\"ActivityId\":\"1.4\",\"ActivityName\":\"Attach Browser 'ACMESyste Page'\"}],\"SHA1Online/SHA1Online_GetHashCode.xaml\":[{\"ConditionalExpression\":null,\"ActionExpression\":null,\"ExpectedHitCounter\":null,\"ShouldContinueAfterAction\":false,\"IsEnabled\":true,\"ActivityId\":\"1.16\",\"ActivityName\":\"Click 'INPUT'\"}],\"System1/System1_ExtractClientInformation.xaml\":[{\"ConditionalExpression\":null,\"ActionExpression\":null,\"ExpectedHitCounter\":null,\"ShouldContinueAfterAction\":false,\"IsEnabled\":true,\"ActivityId\":\"1.27\",\"ActivityName\":\"Assign\"}]}}","ProjectWatches":"{\"Value\":[]}"}